<?xml version="1.0"?>

<encryption_config>

	<DatabaseReaderConnection>
		<database>FRIL</database>
		<table>generated_data_full_error</table>
		<url>jdbc:mysql://localhost/</url>
		<user>root</user>
		<password>toor</password>
	</DatabaseReaderConnection>

	<DatabaseWriterConnection>
		<database>FRIL</database>
		<table>generated_data_error_encrypted</table>
		<url>jdbc:mysql://localhost/</url>
		<user>root</user>
		<password>toor</password>
	</DatabaseWriterConnection>

	<DatabaseMap>
		<MappedPair attr="">
			<read_col>first_name</read_col>
			<write_col>first_name</write_col>
		</MappedPair>

		<MappedPair attr="">
			<read_col>last_name</read_col>
			<write_col>last_name</write_col>
		</MappedPair>

		<MappedPair attr="">
			<read_col>sex</read_col>
			<write_col>sex</write_col>	
		</MappedPair>

		<MappedPair attr="">
			<read_col>race</read_col>
			<write_col>race</write_col>	
		</MappedPair>
		
		<MappedPair attr="">
			<read_col>height</read_col>
			<write_col>height</write_col>	
		</MappedPair>

		<MappedPair attr="">
			<read_col>weight</read_col>
			<write_col>weight</write_col>	
		</MappedPair>

		<MappedPair attr="">
			<read_col>zip</read_col>
			<write_col>zip</write_col>	
		</MappedPair>

		<MappedPair attr="">
			<read_col>street</read_col>
			<write_col>street</write_col>	
		</MappedPair>

		<MappedPair attr="">
			<read_col>brth_cert_number</read_col>
			<write_col>brth_cert_number</write_col>	
		</MappedPair>
	</DatabaseMap>

	<Blocking>
		<read_col>DOB</read_col>
		<write_col>DOBHASH</write_col>
	</Blocking>

</encryption_config>



