<?xml version="1.0"?>

<encryption_config>

	<DatabaseReaderConnection>
		<database>pprl</database>
		<table>filea_5000</table>
		<url>jdbc:mysql://localhost/</url>
		<user>root</user>
		<password>toor</password>
	</DatabaseReaderConnection>

	<DatabaseWriterConnection>
		<database>ETL</database>
		<table>filea_5000_encrypted</table>
		<url>jdbc:mysql://localhost/</url>
		<user>root</user>
		<password>toor</password>
	</DatabaseWriterConnection>

	<DatabaseMap>
		<MappedPair attr="SSN">
			<read_col>ssn</read_col>
			<write_col>SSN</write_col>
		</MappedPair>

		<MappedPair attr="SEX">
			<read_col>sex</read_col>
			<write_col>SEX</write_col>
		</MappedPair>

		<MappedPair attr="PHONE">
			<read_col>phone</read_col>
			<write_col>PHONE</write_col>
		</MappedPair>
		
		<MappedPair attr="">
			<read_col>fn</read_col>
			<write_col>FIRSTNAME</write_col>	
		</MappedPair>

		<MappedPair attr="">
			<read_col>ln</read_col>
			<write_col>LASTNAME</write_col>	
		</MappedPair>
		
		<MappedPair attr="">
			<read_col>addr</read_col>
			<write_col>ADDR</write_col>	
		</MappedPair>

		<MappedPair attr="">
			<read_col>city</read_col>
			<write_col>CITY</write_col>	
		</MappedPair>

		<MappedPair attr="">
			<read_col>state</read_col>
			<write_col>STATE</write_col>	
		</MappedPair>

		<MappedPair attr="">
			<read_col>zip</read_col>
			<write_col>ZIP</write_col>	
		</MappedPair>
	</DatabaseMap>

	<Blocking>
		<read_col>bdate</read_col>
		<write_col>DOBHASH</write_col>
	</Blocking>

</encryption_config>



