<?xml version="1.0" ?>

<linkage_config>

	<DatabaseSourceA>
		<database>pprl</database>
		<table>filea_5000</table>
		<url>jdbc:mysql://localhost/</url>
		<user>root</user>
		<password>toor</password>
	</DatabaseSourceA>

	<DatabaseSourceB>
		<database>ETL</database>
		<table>filea_5000_encrypted</table>
		<url>jdbc:mysql://localhost/</url>
		<user>root</user>
		<password>toor</password>
	</DatabaseSourceB>

	
	<DatabaseMap>
		
		<MappedPair attr="SSN" algorithm="JaroWinkler">
			<read_col>ssn</read_col>
			<write_col>SSN</write_col>
		</MappedPair>

	</DatabaseMap>


</linkage_config>
