<?xml version="1.0" ?>

<linkage_config>

	<DatabaseSourceA>
		<database>FRIL</database>
		<table>generated_data_encrypted</table>
		<url>jdbc:mysql://localhost/</url>
		<user>root</user>
		<password>toor</password>
	</DatabaseSourceA>

	<DatabaseSourceB>
		<database>FRIL</database>
		<table>generated_data_error_encrypted</table>
		<url>jdbc:mysql://localhost/</url>
		<user>root</user>
		<password>toor</password>
	</DatabaseSourceB>

	<Blocking>
		<source_a>DOBHASH</source_a>
		<source_b>DOBHASH</source_b>
	</Blocking>	

	<DatabaseMap>
		<MappedPair attr="" algorithm="PPRL">
			<source_a>first_name</source_a>
			<source_b>first_name</source_b>
		</MappedPair>

		<MappedPair attr="" algorithm="PPRL">
			<source_a>last_name</source_a>
			<source_b>last_name</source_b>
		</MappedPair>

		<MappedPair attr="" algorithm="PPRL">
			<source_a>sex</source_a>
			<source_b>sex</source_b>
		</MappedPair>
		
		<MappedPair attr="" algorithm="PPRL">
			<source_a>race</source_a>
			<source_b>race</source_b>
		</MappedPair>
	
		<MappedPair attr="" algorithm="PPRL">
			<source_a>height</source_a>
			<source_b>height</source_b>
		</MappedPair>

		<MappedPair attr="" algorithm="PPRL">
			<source_a>weight</source_a>
			<source_b>weight</source_b>
		</MappedPair>

		<MappedPair attr="" algorithm="PPRL">
			<source_a>ZIP</source_a>
			<source_b>zip</source_b>
		</MappedPair>

		<MappedPair attr="" algorithm="PPRL">
			<source_a>street</source_a>
			<source_b>street</source_b>
		</MappedPair>
	</DatabaseMap>

</linkage_config>
