<?xml version="1.0" ?>

<linkage_config>

	<DatabaseSourceA>
		<database>pprl</database>
		<table>TblSourceA_1000i_encrypted</table>
		<url>jdbc:mysql://140.226.132.40:3306/</url>
		<user>ongt</user>
		<password>toor3</password>
	</DatabaseSourceA>

	<DatabaseSourceB>
		<database>pprl</database>
		<table>TblSourceB_1000i_encrypted</table>
		<url>jdbc:mysql://140.226.132.40:3306/</url>
		<user>ongt</user>
		<password>toor3</password>
	</DatabaseSourceB>

	<DatabaseSaver>
		<database>pprl</database>
		<url>jdbc:mysql://140.226.132.40:3306/</url>
		<user>ongt</user>
		<password>toor3</password>
	</DatabaseSaver>

	<LinkageConfig>
		<acceptancelevel>70</acceptancelevel>
		<weightidenfifier>EM</weightidenfifier>
		<joinmethod>BLOCKING_SEARCH</joinmethod>
	</LinkageConfig>

	
	<DatabaseMap>
		
		<MappedPair attr="SSN" algorithm="PPRL" weight="0.3">
			<read_col>SSN</read_col>
			<write_col>SSN</write_col>
		</MappedPair>
		<MappedPair attr="LastName" algorithm="PPRL" weight="0.25">
			<read_col>LASTNAME</read_col>
			<write_col>LASTNAME</write_col>
		</MappedPair>
		<MappedPair attr="FirstName" algorithm="PPRL" weight="0.25">
			<read_col>FIRSTNAME</read_col>
			<write_col>FIRSTNAME</write_col>
		</MappedPair>
		<MappedPair attr="ZIP" algorithm="EDIT_DISTANCE" weight="0.2">
			<read_col>zip</read_col>
			<write_col>zip</write_col>
		</MappedPair>
		
	</DatabaseMap>

	<Blocking>
		<read_col>zip</read_col>
		<write_col>zip</write_col>
	</Blocking>

	<Linking>
		<left_pk>ssn_pk</left_pk>
		<right_pk>ssn_pk</right_pk>
	</Linking>
	
</linkage_config>
