<?xml version="1.0"?>

<encryption_config>

	<DatabaseReaderConnection>
		<database>pprl</database>
		<table>TblSourceA</table>
		<url>jdbc:mysql://140.226.132.40:3306/</url>
		<user>ongt</user>
		<password>toor3</password>
	</DatabaseReaderConnection>

	<DatabaseWriterConnection>
		<database>pprl</database>
		<table>TblSourceA_encrypted</table>
		<url>jdbc:mysql://140.226.132.40:3306/</url>
		<user>ongt</user>
		<password>toor3</password>
	</DatabaseWriterConnection>

	<DatabaseMap>
		<MappedPair attr="SSN">
			<read_col>ssn</read_col>
			<write_col>SSN</write_col>
		</MappedPair>

		<MappedPair attr="FN">
			<read_col>fn</read_col>
			<write_col>FIRSTNAME</write_col>	
		</MappedPair>

		<MappedPair attr="LN">
			<read_col>ln</read_col>
			<write_col>LASTNAME</write_col>	
		</MappedPair>
		
		
		<MappedPair attr="ZIP">
			<read_col>zip</read_col>
			<write_col>ZIP</write_col>	
		</MappedPair>
	</DatabaseMap>

	<Blocking>
		<read_col>bdate</read_col>
		<write_col>DOBHASH</write_col>
	</Blocking>

</encryption_config>



