<?xml version="1.0" ?>

<linkage_config>

	<DatabaseSourceA>
		<database>pprl</database>
		<table>TblSourceA_1000_encrypted</table>
		<url>jdbc:mysql://140.226.132.40:3306/</url>
		<user>ongt</user>
		<password>toor3</password>
	</DatabaseSourceA>

	<DatabaseSourceB>
		<database>pprl</database>
		<table>TblSourceB_1000_encrypted</table>
		<url>jdbc:mysql://140.226.132.40:3306/</url>
		<user>ongt</user>
		<password>toor3</password>
	</DatabaseSourceB>

	<LinkageConfig>
		<acceptancelevel>70</acceptancelevel>
		<weightidenfifier>EM</weightidenfifier>
		<joinmethod>NESTED_LOOP_JOIN</joinmethod>
	</LinkageConfig>

	
	<DatabaseMap>
		
		<MappedPair attr="SSN" algorithm="PPRL" weight="0.3">
			<read_col>SSN</read_col>
			<write_col>SSN</write_col>
		</MappedPair>
		<MappedPair attr="LastName" algorithm="PPRL" weight="0.25">
			<read_col>LASTNAME</read_col>
			<write_col>LASTNAME</write_col>
		</MappedPair>
		<MappedPair attr="FirstName" algorithm="PPRL" weight="0.25">
			<read_col>FIRSTNAME</read_col>
			<write_col>FIRSTNAME</write_col>
		</MappedPair>
		<MappedPair attr="ZIP" algorithm="EDIT_DISTANCE" weight="0.2">
			<read_col>zip</read_col>
			<write_col>zip</write_col>
		</MappedPair>
		
	</DatabaseMap>
	
</linkage_config>
