<?xml version="1.0" ?>

<linkage_config>
	<DBMS>MySQL</DBMS>
	<DatabaseSourceA>
		<database>pprl</database>
		<table>TblSourceAi_Norm</table>
		<url>jdbc:mysql://140.226.132.40:3306/</url>
		<user>ongt</user>
		<password>toor3</password>
	</DatabaseSourceA>

	<DatabaseSourceB>
		<database>pprl</database>
		<table>TblSourceBi_Norm</table>
		<url>jdbc:mysql://140.226.132.40:3306/</url>
		<user>ongt</user>
		<password>toor3</password>
	</DatabaseSourceB>


	<LinkageConfig>
		<acceptancelevel>80</acceptancelevel>
		<weightidenfifier>MANUAL</weightidenfifier>
		<joinmethod>NESTED_LOOP_JOIN</joinmethod>
		<missingdatavalue>0</missingdatavalue>
	</LinkageConfig>

	
	<DatabaseMap>
		
		<MappedPair attr="SSN" algorithm="EQUAL_FIELDS_BOOLEAN_DISTANCE" weight="0.2">
			<read_col>ssn</read_col>
			<write_col>SocialSecurityNo</write_col>
		</MappedPair>
		<MappedPair attr="LastName" algorithm="EDIT_DISTANCE" weight="0.2">
			<read_col>ln</read_col>
			<write_col>LastName</write_col>
		</MappedPair>
		<MappedPair attr="addr" algorithm="ADDRESS_DISTANCE" weight="0.2">
			<read_col>addr</read_col>
			<write_col>addr</write_col>
		</MappedPair>
		<MappedPair attr="addr" algorithm="ADDRESS_DISTANCE" weight="0.2">
			<read_col>addr</read_col>
			<write_col>addr</write_col>
		</MappedPair>
		<MappedPair attr="birthdate" algorithm="DATE_DISTANCE" weight="0.2" formatRead="M/d/yyyy" formatWrite="MMM-d-yyyy">
			<read_col>bdate</read_col>
			<write_col>bdate</write_col>
		</MappedPair>
		
	</DatabaseMap>
	
</linkage_config>
