<?xml version="1.0" ?>

<linkage_config>

	<DBMS>PostgreSQL</DBMS>

	<DatabaseSourceA>
		<database>rosita</database>
		<table>tz_sourcea_200</table>
		<schema>tz</schema>
		<url>jdbc:postgresql://localhost:5432/</url>
		<user>rosita</user>
		<password>rosita@2012</password>
	</DatabaseSourceA>

	<DatabaseSourceB>
		<database>rosita</database>
		<table>tz_sourceb_200</table>
		<schema>tz</schema>
		<url>jdbc:postgresql://localhost:5432/</url>
		<user>rosita</user>
		<password>rosita@2012</password>
	</DatabaseSourceB>

	<DatabaseSaver>
		<database>rosita</database>
		<url>jdbc:postgresql://localhost:5432/</url>
		<schema>tz</schema>
		<user>rosita</user>
		<password>rosita@2012</password>
	</DatabaseSaver>

	<LinkageConfig>
		<acceptancelevel>100</acceptancelevel>
		<weightidenfifier>MANUAL</weightidenfifier>
		<joinmethod>NESTED_LOOP_JOIN</joinmethod>
		<missingdatavalue>0</missingdatavalue>
	</LinkageConfig>

	
	<DatabaseMap>
		
		<MappedPair attr="SSN" algorithm="EQUAL_FIELDS_BOOLEAN_DISTANCE" weight="0.3">
			<read_col>ssn</read_col>
			<write_col>ssn</write_col>
		</MappedPair>
		<MappedPair attr="LastName" algorithm="EDIT_DISTANCE" weight="0.3">
			<read_col>last</read_col>
			<write_col>last</write_col>
		</MappedPair>
		<MappedPair attr="FirstName" algorithm="EDIT_DISTANCE" weight="0.4">
			<read_col>first</read_col>
			<write_col>first</write_col>
		</MappedPair>
		
	</DatabaseMap>

	<Linking>
		<left_pk>x_demographic_id</left_pk>
		<right_pk>x_demographic_id</right_pk>
	</Linking>
	
</linkage_config>
